,Username,Status,Datetime
0,mgmtalents,"S'est abonne @koba.koindredi, a.virginius",2020-12-06 14:32:43
1,teamoftalentsconsulting,S'est abonne @a.virginius,2020-12-06 14:23:52
2,sevankarian,S'est abonne @sakkhito10,2020-12-05 23:27:04
3,sekou_kaa,S'est abonne @ndombasi.n,2020-12-05 07:59:45
4,stroeykensmario,S'est abonne @sylvester.agyei.monkey.d,2020-12-02 05:34:07
5,yat.agency,S'est abonne @ntenda_02,2020-12-01 09:36:28
6,florian_lefvr,S'est abonne @ndombasi.n,2020-11-29 23:52:47
7,bs_law_bs_group,S'est abonne @djibril_mandefu_wss,2020-11-28 04:48:33
8,baykal_bellusci,"S'est abonne @sem_stefano, sascha.breese, sekou_kaa, sbe_management",2020-11-28 04:48:33
9,sportstotal,S'est abonne @sascha.breese,2020-11-27 09:40:58
10,bernardcollignon,S'est abonne @mitchyba,2020-11-27 09:40:58
11,carmenta_talents,S'est abonne @hermannmiller,2020-11-27 09:40:58
12,djibi25,S'est abonne @mikeleemadeit,2020-11-27 09:40:58
13,romain_perraud,"S'est abonne @nicodieuze, niag_traore, clkfoot",2020-11-26 12:35:52
14,simakan2,"S'est abonne @general_junior, bs_law_bs_group",2020-11-26 12:35:52
15,jctodibo,S'est abonne @yaatssports,2020-11-26 12:35:52
16,sascha.breese,S'est abonne @youssoufa_10,2020-11-26 12:35:52
17,bachirneharoff,"S'est abonne @benoit.badiashile, e.cama10, jonathan_panzo, e.millot17, ferland_mendy",2020-11-26 12:35:52
18,sevankarian,"S'est abonne @e.cama10, k.nsona, n.mbuku, st_maximin, koba.koindredi, a.asj18, w.bianda",2020-11-26 12:35:52
19,arnaud_kalimuendo,"S'est abonne @_roberto_meloni_, johan_caurant",2020-11-26 12:35:52
20,alioutraore,S'est abonne @g_foot,2020-11-26 12:35:52
21,soppy.brandon,S'est abonne @kollo44,2020-11-26 12:35:52
22,jeremydoku49,S'est abonne @sylvester.agyei.monkey.d,2020-11-26 12:35:52
23,hannibal.mj,S'est abonne @rochilddzabana,2020-11-26 12:35:52
24,jonathan_panzo,S'est abonne @bs_law_bs_group,2020-11-26 12:35:52
25,benoit.badiashile,S'est abonne @bachirneharoff,2020-11-26 12:35:52
26,lauriennnnte,"S'est abonne @johan_caurant, mmurat_9, _roberto_meloni_, mikeleemadeit",2020-11-26 12:35:52
27,dinajr23,"S'est abonne @availlant24, borislvl10, philnabe, sekou_kaa",2020-11-26 12:35:52
28,w.saliba4,S'est abonne @djibi25,2020-11-26 12:35:52
29,enzo_lefee,"S'est abonne @baykal_bellusci, sbe_management, sekou_kaa",2020-11-26 12:35:52
30,koba.koindredi,S'est abonne @bonnotalexandre,2020-11-26 12:35:52
31,r.providence7,"S'est abonne @t_e_d_d_y_._, rochilddzabana",2020-11-26 12:35:52
32,christophevirginius,S'est abonne @cazalsflorent,2020-11-26 12:35:52
33,o.edouard_18,S'est abonne @jalal_benalla,2020-11-26 12:35:52
34,leila_sportslight,S'est abonne @e.cama10,2020-11-24 10:08:30
35,florian_lefvr,S'est desabonne @wilson.odobert,2020-11-23 20:03:41
36,niag_traore,"S'est desabonne @sakkhito10, hannibal.mj, romain_perraud, k.nsona",2020-11-23 06:00:38
37,tidjany_chabrol,S'est desabonne @mgmtalents,2020-11-23 06:00:38
38,niag_traore,"S'est abonne @sakkhito10, hannibal.mj, romain_perraud, k.nsona",2020-11-22 15:56:03
39,zahavi_nir,Zahavi_nir  a change son nom et devient  zahavi_nir,2020-11-21 02:16:47
40,leila_sportslight,S'est desabonne @a.asj18,2020-11-20 18:35:16
41,sem_stefano,ste_sem55  a change son nom et devient  sem_stefano,2020-11-20 14:35:31
42,l.gourna27,S'est desabonne @hermannmiller,2020-11-14 04:52:48
43,nicolas_houeix,"S'est desabonne @e.cama10, johann_lpn",2020-11-13 01:55:35
44,niag_traore,"S'est desabonne @hannibal.mj, k.nsona",2020-11-13 01:55:35
45,433_management,S'est abonne @momoo.el,2020-11-12 12:26:21
46,leila_sportslight,"S'est abonne @jeremydoku49, n.mbuku",2020-11-09 03:30:41
47,leila_sportslight,"S'est desabonne @jeremydoku49, n.mbuku",2020-11-08 00:31:43
48,niag_traore,"S'est abonne @hannibal.mj, k.nsona",2020-11-01 20:11:05
49,433_management,S'est desabonne @benoit.badiashile,2020-10-31 03:30:12
50,stmanagement.off,S'est desabonne @w.saliba4,2020-10-30 14:00:16
51,niag_traore,"S'est desabonne @hannibal.mj, k.nsona",2020-10-30 14:00:16
52,ntenda_02,ntenda.j  a change son nom et devient  ntenda_02,2020-10-29 22:29:21
